{
  "train_loss": [
    3.307703717654904,
    2.3706413739038092,
    1.86013630052276,
    1.5505562148346805,
    1.3227816081994417,
    1.1427852029831993,
    0.9996512590128328,
    0.8673684772671453,
    0.7665916361556148,
    0.6816447424572825,
    0.6040365931477242,
    0.5311566587973378,
    0.48113600656423083,
    0.4336522066632643,
    0.3917938923138393,
    0.3568842390646734,
    0.3288940727118625,
    0.2902353745587088,
    0.2785362529899374,
    0.255749028365212,
    0.2350149934260261,
    0.21932127456659775,
    0.20157049648940695,
    0.190766342066508,
    0.17814896548491704,
    0.16623132809108457,
    0.1592797792740742,
    0.1474314436448068,
    0.1366824461496692,
    0.13166589472467535,
    0.12537579971959786,
    0.11450062414618913,
    0.11149666835831491,
    0.10482734702445287,
    0.10286883733525182,
    0.09784073423734038,
    0.09635209719389348,
    0.09144423861327945,
    0.08824502245808806,
    0.08509376266802647,
    0.08054572922356476,
    0.0762325054318305,
    0.07606299513453416,
    0.07506045893607682,
    0.07029263921920827,
    0.06859025006361355,
    0.06824571254023784,
    0.06466168419110525,
    0.06534212491954071,
    0.062129467884058064,
    0.0605821693953431
  ],
  "val_loss": [
    2.698926702141762,
    2.1378539130091667,
    1.7809408530592918,
    1.540966160595417,
    1.3702882453799248,
    1.2343294210731983,
    1.1354454718530178,
    1.0474449135363102,
    0.9888787046074867,
    0.9347893297672272,
    0.8958169706165791,
    0.8632691632956266,
    0.8285517767071724,
    0.8201463501900434,
    0.7990002427250147,
    0.782973151654005,
    0.7712382357567549,
    0.7830215618014336,
    0.7846035566180944,
    0.7738562636077404,
    0.7807395309209824,
    0.775750994682312,
    0.7764302808791399,
    0.7811838407069445,
    0.7834099996834993,
    0.784880118444562,
    0.7825065441429615,
    0.7965742908418179,
    0.7820687871426344,
    0.7967600300908089,
    0.7940574828535318,
    0.7926106601953506,
    0.8131507616490126,
    0.8059887997806072,
    0.7998170014470816,
    0.7988151498138905,
    0.7929369807243347,
    0.8055407889187336,
    0.7996754180639982,
    0.7993259206414223,
    0.8027372676879168,
    0.7964216843247414,
    0.7945965342223644,
    0.7982781361788511,
    0.7970256917178631,
    0.7951067741960287,
    0.7959717623889446,
    0.7993512973189354,
    0.80427978746593,
    0.8016610816121101,
    0.8171198889613152
  ],
  "val_recall_1": [
    12.524654832347142,
    17.011834319526628,
    20.956607495069033,
    24.901380670611438,
    27.761341222879686,
    31.065088757396452,
    32.98816568047337,
    35.50295857988165,
    37.77120315581854,
    38.80670611439842,
    40.63116370808679,
    40.72978303747534,
    42.357001972386584,
    43.145956607495066,
    43.93491124260355,
    44.329388560157795,
    44.082840236686394,
    44.97041420118343,
    44.28007889546352,
    44.32938856015779,
    44.67455621301775,
    44.625246548323474,
    45.463510848126234,
    45.463510848126234,
    45.51282051282051,
    45.710059171597635,
    45.414201183431956,
    45.463510848126234,
    45.463510848126234,
    46.35108481262327,
    46.74556213017752,
    46.252465483234715,
    46.252465483234715,
    46.49901380670612,
    46.548323471400394,
    46.84418145956607,
    46.99211045364892,
    46.10453648915187,
    46.400394477317555,
    46.84418145956607,
    47.68244575936884,
    46.84418145956607,
    47.38658777120315,
    46.99211045364891,
    46.942800788954635,
    47.337278106508876,
    47.090729783037474,
    46.89349112426035,
    47.18934911242604,
    47.23865877712032,
    47.43589743589743
  ],
  "val_mrr": [
    0.2001325245722618,
    0.26078590838656307,
    0.316270557862645,
    0.36209236644168336,
    0.3975818299445878,
    0.43056293996387285,
    0.4548720106077452,
    0.48353741997457483,
    0.5027385409893309,
    0.5156025145668359,
    0.5318415413011011,
    0.5357069099773104,
    0.5516961627866324,
    0.5597985582284671,
    0.5690459415160323,
    0.5756848648887094,
    0.5738478196672216,
    0.5783383712258214,
    0.5757754787490542,
    0.5818015839723792,
    0.5814436755651671,
    0.5820292709882092,
    0.5872347954372799,
    0.5891498857604619,
    0.5900708988441978,
    0.5913110829674318,
    0.5914836980260181,
    0.5901845455333858,
    0.5904472540140718,
    0.594178554844583,
    0.598821328542489,
    0.5972849815845365,
    0.5960319043609238,
    0.5970328227790764,
    0.5983901539986382,
    0.5984849345978736,
    0.6011390456315759,
    0.5949480353731588,
    0.597656984674169,
    0.599276683639242,
    0.6047382865652091,
    0.601748243408091,
    0.6039292735664835,
    0.6006966169221342,
    0.6016869987758575,
    0.6048475995123804,
    0.6026307032233122,
    0.6001877798884867,
    0.6015258048504212,
    0.6015252371120783,
    0.6033557818449582
  ],
  "val_rsum": [
    149.21104536489153,
    191.8145956607495,
    234.81262327416175,
    265.48323471400397,
    289.44773175542406,
    310.35502958579883,
    327.90927021696257,
    345.85798816568047,
    356.2130177514793,
    366.6666666666667,
    375.83826429980274,
    380.4733727810651,
    389.25049309664695,
    393.49112426035504,
    399.30966469428006,
    402.2682445759369,
    402.2682445759369,
    404.14201183431953,
    402.66272189349115,
    406.31163708086785,
    405.6213017751479,
    406.2130177514793,
    409.56607495069034,
    410.45364891518733,
    409.96055226824456,
    410.4536489151874,
    411.73570019723866,
    409.76331360946745,
    410.4536489151874,
    413.0177514792899,
    414.5956607495069,
    413.6094674556213,
    412.32741617357004,
    412.8205128205128,
    414.8915187376726,
    413.905325443787,
    414.79289940828403,
    411.3412228796844,
    413.8067061143984,
    415.2859960552268,
    416.17357001972385,
    415.38461538461536,
    416.8639053254438,
    416.2721893491124,
    416.4694280078895,
    417.0611439842209,
    417.0611439842209,
    415.2859960552268,
    416.17357001972385,
    415.97633136094674,
    415.8777120315582
  ]
}